﻿# Supported types:,,,,,,,,,,,
#,"SPI (1,30)",OFF = 0,ON = 1,,,,,,,,
#,"DPI(3,31)",OFF = 01,ON = 02,XX = 00/11,,,,,,,
#,"NVA(9,34)","Example, if you want to send 11Kv then value=(11000/max. value) = (11000/13200) = 0.83",,,,,,,,,
#,"SVA(11,35)","Example, if you want to send 11Kv then value = 11",,,,,,,,,
#,"FLT(13,36)","Example, if you want to send 11.23Kv then value = 11.23",,,,,,,,,
#,"SCO(45,58) - value should equal the IOA of its status.",,,,,,,,,,
#,"DCO(46,59) - value should equal the IOA of its status.",,,,,,,,,,
#,,,,,,,,,,,
#send index entry from rtu if filter conditions received by connected master before timeout=T-out in ms.,,,,,,,,,,,
#empty filter entry will not be used for filtering. Example: if rtuno is empty then index entry will be sent regardless the rtuno,,,,,,,,,,,
#filters are not used during sending GI entries or during replying to commands.,,,,,,,,,,,
#,,,,,,filter -------------------------------- conditions,,,,,
#,,,,,,if,and if,and if,and if,filter,
#index,GI,typeid,IOA,Value,wait sec,rtu no,type id,ioa,value,T-out(ms),Comment
#,--,------,---,-----,-----------,-----------,-----------,-----------,-----------,-----------,-----------
21093,N,59,21093,592,,,,,,,H-C1 CTRL MODE
21094,N,59,21094,594,,,,,,,H-C1 STG1
21095,N,59,21095,595,,,,,,,H-C1 STG2
21096,N,59,21096,596,,,,,,,H-C1 STG3
21097,N,59,21097,597,,,,,,,H-C1 STG4
21113,N,59,21113,652,,,,,,,H-C2 CTRL MODE
21114,N,59,21114,654,,,,,,,H-C2 STG1
21115,N,59,21115,655,,,,,,,H-C2 STG2
21116,N,59,21116,656,,,,,,,H-C2 STG3
21117,N,59,21117,657,,,,,,,H-C2 STG4
21091,N,59,21091,586,,,,,,,H-CB01 Q0 CMD
21092,N,59,21092,587,,,,,,,H-CB01 Q4 CMD
21111,N,59,21111,646,,,,,,,H-CB02 Q0 CMD
21112,N,59,21112,647,,,,,,,H-CB02 Q4 CMD
21001,N,59,21001,134,,,,,,,H-LN01 Q0 CMD
21002,N,59,21002,135,,,,,,,H-LN01 Q4 CMD
21211,N,59,21211,1104,,,,,,,H-LN02 Q0 CMD
21212,N,59,21212,1105,,,,,,,H-LN02 Q4 CMD
21011,N,59,21011,184,,,,,,,H-LN03 Q0 CMD
21012,N,59,21012,185,,,,,,,H-LN03 Q4 CMD
21201,N,59,21201,1054,,,,,,,H-LN04 Q0 CMD
21202,N,59,21202,1055,,,,,,,H-LN04 Q4 CMD
21021,N,59,21021,235,,,,,,,H-LN05 Q0 CMD
21022,N,59,21022,236,,,,,,,H-LN05 Q4 CMD
21023,N,59,21023,240,,,,,,,H-LN05 ARC CMD
21191,N,59,21191,1005,,,,,,,H-LN06 Q0 CMD
21192,N,59,21192,1006,,,,,,,H-LN06 Q4 CMD
21193,N,59,21193,1010,,,,,,,H-LN06 ARC CMD
21031,N,59,21031,285,,,,,,,H-LN07 Q0 CMD
21032,N,59,21032,286,,,,,,,H-LN07 Q4 CMD
21033,N,59,21033,290,,,,,,,H-LN07 ARC CMD
21181,N,59,21181,955,,,,,,,H-LN08 Q0 CMD
21182,N,59,21182,956,,,,,,,H-LN08 Q4 CMD
21183,N,59,21183,960,,,,,,,H-LN08 ARC CMD
21041,N,59,21041,335,,,,,,,H-LN09 Q0 CMD
21042,N,59,21042,336,,,,,,,H-LN09 Q4 CMD
21043,N,59,21043,340,,,,,,,H-LN09 ARC CMD
21171,N,59,21171,904,,,,,,,H-LN10 Q0 CMD
21172,N,59,21172,905,,,,,,,H-LN10 Q4 CMD
21051,N,59,21051,385,,,,,,,H-LN11 Q0 CMD
21052,N,59,21052,386,,,,,,,H-LN11 Q4 CMD
21053,N,59,21053,390,,,,,,,H-LN11 ARC CMD
21161,N,59,21161,855,,,,,,,H-LN12 Q0 CMD
21162,N,59,21162,856,,,,,,,H-LN12 Q4 CMD
21163,N,59,21163,860,,,,,,,H-LN12 ARC CMD
21061,N,59,21061,435,,,,,,,H-LN13 Q0 CMD
21062,N,59,21062,436,,,,,,,H-LN13 Q4 CMD
21063,N,59,21063,440,,,,,,,H-LN13 ARC CMD
21151,N,59,21151,805,,,,,,,H-LN14 Q0 CMD
21152,N,59,21152,806,,,,,,,H-LN14 Q4 CMD
21153,N,59,21153,810,,,,,,,H-LN14 ARC CMD
21071,N,59,21071,484,,,,,,,H-LN15 Q0 CMD
21072,N,59,21072,485,,,,,,,H-LN15 Q4 CMD
21141,N,59,21141,754,,,,,,,H-LN16 Q0 CMD
21142,N,59,21142,755,,,,,,,H-LN16 Q4 CMD
21081,N,59,21081,535,,,,,,,H-LN17 Q0 CMD
21082,N,59,21082,536,,,,,,,H-LN17 Q4 CMD
21083,N,59,21083,540,,,,,,,H-LN17 ARC CMD
21131,N,59,21131,705,,,,,,,H-LN18 Q0 CMD
21132,N,59,21132,706,,,,,,,H-LN18 Q4 CMD
21133,N,59,21133,710,,,,,,,H-LN18 ARC CMD
#------------------------,,SCO command with time tag + STATUS--------------,,,,,,,,,
21100,N,58,21100,551,,,,,,,H-CB01 TRIP RELAY RESET 
21120,N,58,21120,611,,,,,,,H-CB02 TRIP RELAY RESET 
21003,N,58,21003,101,,,,,,,H-LN01 TRIP RELAY RESET 
21004,N,58,21004,102,,,,,,,H-LN01 LS TRIP RELAY RESET
21213,N,58,21213,1071,,,,,,,H-LN02 TRIP RELAY RESET 
21214,N,58,21214,1072,,,,,,,H-LN02 LS TRIP RELAY RESET
21013,N,58,21013,151,,,,,,,H-LN03 TRIP RELAY RESET 
21014,N,58,21014,152,,,,,,,H-LN03 LS TRIP RELAY RESET
21203,N,58,21203,1021,,,,,,,H-LN04 TRIP RELAY RESET 
21204,N,58,21204,1022,,,,,,,H-LN04 LS TRIP RELAY RESET
21024,N,58,21024,201,,,,,,,H-LN05 TRIP RELAY RESET 
21025,N,58,21025,202,,,,,,,H-LN05 LS TRIP RELAY RESET
21026,N,58,21026,218,,,,,,,H-LN05 ARR RST  
21194,N,58,21194,971,,,,,,,H-LN06 TRIP RELAY RESET 
21195,N,58,21195,972,,,,,,,H-LN06 LS TRIP RELAY RESET
21196,N,58,21196,988,,,,,,,H-LN06 ARR RST  
21034,N,58,21034,251,,,,,,,H-LN07 TRIP RELAY RESET 
21035,N,58,21035,252,,,,,,,H-LN07 LS TRIP RELAY RESET
21036,N,58,21036,268,,,,,,,H-LN07 ARR RST  
21184,N,58,21184,921,,,,,,,H-LN08 TRIP RELAY RESET 
21185,N,58,21185,922,,,,,,,H-LN08 LS TRIP RELAY RESET
21186,N,58,21186,938,,,,,,,H-LN08 ARR RST  
21044,N,58,21044,301,,,,,,,H-LN09 TRIP RELAY RESET 
21045,N,58,21045,302,,,,,,,H-LN09 LS TRIP RELAY RESET
21046,N,58,21046,318,,,,,,,H-LN09 ARR RST  
21173,N,58,21173,871,,,,,,,H-LN10 TRIP RELAY RESET 
21174,N,58,21174,872,,,,,,,H-LN10 LS TRIP RELAY RESET
21054,N,58,21054,351,,,,,,,H-LN11 TRIP RELAY RESET 
21055,N,58,21055,352,,,,,,,H-LN11 LS TRIP RELAY RESET
21056,N,58,21056,368,,,,,,,H-LN11 ARR RST  
21164,N,58,21164,821,,,,,,,H-LN12 TRIP RELAY RESET 
21165,N,58,21165,822,,,,,,,H-LN12 LS TRIP RELAY RESET
21166,N,58,21166,838,,,,,,,H-LN12 ARR RST  
21064,N,58,21064,401,,,,,,,H-LN13 TRIP RELAY RESET 
21065,N,58,21065,402,,,,,,,H-LN13 LS TRIP RELAY RESET
21066,N,58,21066,418,,,,,,,H-LN13 ARR RST  
21154,N,58,21154,771,,,,,,,H-LN14 TRIP RELAY RESET 
21155,N,58,21155,772,,,,,,,H-LN14 LS TRIP RELAY RESET
21156,N,58,21156,788,,,,,,,H-LN14 ARR RST  
21073,N,58,21073,451,,,,,,,H-LN15 TRIP RELAY RESET 
21074,N,58,21074,452,,,,,,,H-LN15 LS TRIP RELAY RESET
21143,N,58,21143,721,,,,,,,H-LN16 TRIP RELAY RESET 
21144,N,58,21144,722,,,,,,,H-LN16 LS TRIP RELAY RESET
21084,N,58,21084,501,,,,,,,H-LN17 TRIP RELAY RESET 
21085,N,58,21085,502,,,,,,,H-LN17 LS TRIP RELAY RESET
21086,N,58,21086,518,,,,,,,H-LN17 ARR RST  
21134,N,58,21134,671,,,,,,,H-LN18 TRIP RELAY RESET 
21135,N,58,21135,672,,,,,,,H-LN18 LS TRIP RELAY RESET
21136,N,58,21136,688,,,,,,,H-LN18 ARR RST  
#------------------------,,DPI + CP56Time2a -------------,,,,,,,,,
134,Y,31,134,2,,,,,,,H-LN01 Q0
135,Y,31,135,2,,,,,,,H-LN01 Q4
136,Y,31,136,2,,,,,,,H-LN01 Q1
137,Y,31,137,2,,,,,,,H-LN01 GIS CONTROL
138,Y,31,138,2,,,,,,,H-LN01 CRP CONTROL
139,Y,31,139,2,,,,,,,H-LN01 BAY CONTROL
184,Y,31,184,2,,,,,,,H-LN03 Q0
185,Y,31,185,2,,,,,,,H-LN03 Q4
186,Y,31,186,2,,,,,,,H-LN03 Q1
187,Y,31,187,2,,,,,,,H-LN03 GIS CONTROL
188,Y,31,188,2,,,,,,,H-LN03 CRP CONTROL
189,Y,31,189,2,,,,,,,H-LN03 BAY CONTROL
484,Y,31,484,2,,,,,,,H-LN15 Q0
485,Y,31,485,2,,,,,,,H-LN15 Q4
486,Y,31,486,2,,,,,,,H-LN15 Q1
487,Y,31,487,2,,,,,,,H-LN15 GIS CONTROL
488,Y,31,488,2,,,,,,,H-LN15 CRP CONTROL
489,Y,31,489,2,,,,,,,H-LN15 BAY CONTROL
754,Y,31,754,2,,,,,,,H-LN16 Q0
755,Y,31,755,2,,,,,,,H-LN16 Q4
756,Y,31,756,2,,,,,,,H-LN16 Q1
757,Y,31,757,2,,,,,,,H-LN16 GIS CONTROL
758,Y,31,758,2,,,,,,,H-LN16 CRP CONTROL
759,Y,31,759,2,,,,,,,H-LN16 BAY CONTROL
904,Y,31,904,2,,,,,,,H-LN10 Q0
905,Y,31,905,2,,,,,,,H-LN10 Q4
906,Y,31,906,2,,,,,,,H-LN10 Q1
907,Y,31,907,2,,,,,,,H-LN10 GIS CONTROL
908,Y,31,908,2,,,,,,,H-LN10 CRP CONTROL
909,Y,31,909,2,,,,,,,H-LN10 BAY CONTROL
1054,Y,31,1054,2,,,,,,,H-LN04 Q0
1055,Y,31,1055,2,,,,,,,H-LN04 Q4
1056,Y,31,1056,2,,,,,,,H-LN04 Q1
1057,Y,31,1057,2,,,,,,,H-LN04 GIS CONTROL
1058,Y,31,1058,2,,,,,,,H-LN04 CRP CONTROL
1059,Y,31,1059,2,,,,,,,H-LN04 BAY CONTROL
1104,Y,31,1104,2,,,,,,,H-LN02 Q0
1105,Y,31,1105,2,,,,,,,H-LN02 Q4
1106,Y,31,1106,2,,,,,,,H-LN02 Q1
1107,Y,31,1107,2,,,,,,,H-LN02 GIS CONTROL
1108,Y,31,1108,2,,,,,,,H-LN02 CRP CONTROL
1109,Y,31,1109,2,,,,,,,H-LN02 BAY CONTROL
235,Y,31,235,2,,,,,,,H-LN05 Q0
236,Y,31,236,2,,,,,,,H-LN05 Q4
237,Y,31,237,2,,,,,,,H-LN05 Q1
238,Y,31,238,2,,,,,,,H-LN05 GIS CONTROL
239,Y,31,239,2,,,,,,,H-LN05 CRP CONTROL
240,Y,31,240,2,,,,,,,H-LN05 ARC RELAY
241,Y,31,241,2,,,,,,,H-LN05 BAY CONTROL
285,Y,31,285,2,,,,,,,H-LN07 Q0
286,Y,31,286,2,,,,,,,H-LN07 Q4
287,Y,31,287,2,,,,,,,H-LN07 Q1
288,Y,31,288,2,,,,,,,H-LN07 GIS CONTROL
289,Y,31,289,2,,,,,,,H-LN07 CRP CONTROL
290,Y,31,290,2,,,,,,,H-LN07 ARC RELAY
291,Y,31,291,2,,,,,,,H-LN07 BAY CONTROL
335,Y,31,335,2,,,,,,,H-LN09 Q0
336,Y,31,336,2,,,,,,,H-LN09 Q4
337,Y,31,337,2,,,,,,,H-LN09 Q1
338,Y,31,338,2,,,,,,,H-LN09 GIS CONTROL
339,Y,31,339,2,,,,,,,H-LN09 CRP CONTROL
340,Y,31,340,2,,,,,,,H-LN09 ARC RELAY
341,Y,31,341,2,,,,,,,H-LN09 BAY CONTROL
385,Y,31,385,2,,,,,,,H-LN11 Q0
386,Y,31,386,2,,,,,,,H-LN11 Q4
387,Y,31,387,2,,,,,,,H-LN11 Q1
388,Y,31,388,2,,,,,,,H-LN11 GIS CONTROL
389,Y,31,389,2,,,,,,,H-LN11 CRP CONTROL
390,Y,31,390,2,,,,,,,H-LN11 ARC RELAY
391,Y,31,391,2,,,,,,,H-LN11 BAY CONTROL
435,Y,31,435,2,,,,,,,H-LN13 Q0
436,Y,31,436,2,,,,,,,H-LN13 Q4
437,Y,31,437,2,,,,,,,H-LN13 Q1
438,Y,31,438,2,,,,,,,H-LN13 GIS CONTROL
439,Y,31,439,2,,,,,,,H-LN13 CRP CONTROL
440,Y,31,440,2,,,,,,,H-LN13 ARC RELAY
441,Y,31,441,2,,,,,,,H-LN13 BAY CONTROL
535,Y,31,535,2,,,,,,,H-LN17 Q0
536,Y,31,536,2,,,,,,,H-LN17 Q4
537,Y,31,537,2,,,,,,,H-LN17 Q1
538,Y,31,538,2,,,,,,,H-LN17 GIS CONTROL
539,Y,31,539,2,,,,,,,H-LN17 CRP CONTROL
540,Y,31,540,2,,,,,,,H-LN17 ARC RELAY
541,Y,31,541,2,,,,,,,H-LN17 BAY CONTROL
705,Y,31,705,2,,,,,,,H-LN18 Q0
706,Y,31,706,2,,,,,,,H-LN18 Q4
707,Y,31,707,2,,,,,,,H-LN18 Q1
708,Y,31,708,2,,,,,,,H-LN18 GIS CONTROL
709,Y,31,709,2,,,,,,,H-LN18 CRP CONTROL
710,Y,31,710,2,,,,,,,H-LN18 ARC RELAY
711,Y,31,711,2,,,,,,,H-LN18 BAY CONTROL
805,Y,31,805,2,,,,,,,H-LN14 Q0
806,Y,31,806,2,,,,,,,H-LN14 Q4
807,Y,31,807,2,,,,,,,H-LN14 Q1
808,Y,31,808,2,,,,,,,H-LN14 GIS CONTROL
809,Y,31,809,2,,,,,,,H-LN14 CRP CONTROL
810,Y,31,810,2,,,,,,,H-LN14 ARC RELAY
811,Y,31,811,2,,,,,,,H-LN14 BAY CONTROL
855,Y,31,855,2,,,,,,,H-LN12 Q0
856,Y,31,856,2,,,,,,,H-LN12 Q4
857,Y,31,857,2,,,,,,,H-LN12 Q1
858,Y,31,858,2,,,,,,,H-LN12 GIS CONTROL
859,Y,31,859,2,,,,,,,H-LN12 CRP CONTROL
860,Y,31,860,2,,,,,,,H-LN12 ARC RELAY
861,Y,31,861,2,,,,,,,H-LN12 BAY CONTROL
955,Y,31,955,2,,,,,,,H-LN08 Q0
956,Y,31,956,2,,,,,,,H-LN08 Q4
957,Y,31,957,2,,,,,,,H-LN08 Q1
958,Y,31,958,2,,,,,,,H-LN08 GIS CONTROL
959,Y,31,959,2,,,,,,,H-LN08 CRP CONTROL
960,Y,31,960,2,,,,,,,H-LN08 ARC RELAY
961,Y,31,961,2,,,,,,,H-LN08 BAY CONTROL
1005,Y,31,1005,2,,,,,,,H-LN06 Q0
1006,Y,31,1006,2,,,,,,,H-LN06 Q4
1007,Y,31,1007,2,,,,,,,H-LN06 Q1
1008,Y,31,1008,2,,,,,,,H-LN06 GIS CONTROL
1009,Y,31,1009,2,,,,,,,H-LN06 CRP CONTROL
1010,Y,31,1010,2,,,,,,,H-LN06 ARC RELAY
1011,Y,31,1011,2,,,,,,,H-LN06 BAY CONTROL
586,Y,31,586,2,,,,,,,H-CB01 Q0
587,Y,31,587,2,,,,,,,H-CB01 Q4
588,Y,31,588,2,,,,,,,H-CB01 Q1
589,Y,31,589,2,,,,,,,H-CB01 GIS CONTROL
590,Y,31,590,2,,,,,,,H-CB01 CRP CONTROL
591,Y,31,591,2,,,,,,,H-C1 PAY CONTROL
592,Y,31,592,2,,,,,,,H-C1 CTRL MODE
593,Y,31,593,2,,,,,,,H-C1 CAP BANK CONTROL VOLTAGE/PF
594,Y,31,594,2,,,,,,,H-C1 STG1
595,Y,31,595,2,,,,,,,H-C1 STG2
596,Y,31,596,2,,,,,,,H-C1 STG3
597,Y,31,597,2,,,,,,,H-C1 STG4
600,Y,31,600,2,,,,,,,H-CB01 BAY CONTROL
646,Y,31,646,2,,,,,,,H-CB02 Q0
647,Y,31,647,2,,,,,,,H-CB02 Q4
648,Y,31,648,2,,,,,,,H-CB02 Q1
649,Y,31,649,2,,,,,,,H-CB02 GIS CONTROL
650,Y,31,650,2,,,,,,,H-CB02 CRP CONTROL
651,Y,31,651,2,,,,,,,H-C2 PAY CONTROL
652,Y,31,652,2,,,,,,,H-C2 CTRL MODE
653,Y,31,653,2,,,,,,,H-C2 CAP BANK CONTROL VOLTAGE/PF
654,Y,31,654,2,,,,,,,H-C2 STG1
655,Y,31,655,2,,,,,,,H-C2 STG2
656,Y,31,656,2,,,,,,,H-C2 STG3
657,Y,31,657,2,,,,,,,H-C2 STG4
660,Y,31,660,2,,,,,,,H-CB02 BAY CONTROL
1136,Y,31,1136,2,,,,,,,BBP1 33_BBP1_1S1A ES 
1137,Y,31,1137,2,,,,,,,BBP1 33_BBP1_1B71 DSR
1138,Y,31,1138,2,,,,,,,BBP1 33_BBP1_1B11 ES
1139,Y,31,1139,2,,,,,,,BBP1 33_BBP1_1B72 DSR
1140,Y,31,1140,2,,,,,,,BBP1 33_BBP1_1B12 ES
1141,Y,31,1141,2,,,,,,,BBP2 33_BBP2_1S1B ES
1142,Y,31,1142,2,,,,,,,BBP2 33_BBP2_2B71 DSR
1143,Y,31,1143,2,,,,,,,BBP2 33_BBP2_2B11 ES
1144,Y,31,1144,2,,,,,,,BBP2 33_BBP2_2B72 DSR
1145,Y,31,1145,2,,,,,,,BBP2 33_BBP2_2B12 ES
1202,Y,31,1202,2,,,,,,,STN 33_STN_CB
1203,Y,31,1203,2,,,,,,,STN 33_STN_ATTEND
1204,Y,31,1204,2,,,,,,,STN 33_STN_LVAC INC-1
1205,Y,31,1205,2,,,,,,,STN 33_STN_LVAC INC-2
1206,Y,31,1206,2,,,,,,,STN 33_STN_LVAC BS
1207,Y,31,1207,2,,,,,,,STN 33_STN_EDB INC
1226,Y,31,1226,2,,,,,,,1TOA 33_1TOA_CB
1227,Y,31,1227,2,,,,,,,1T7A 33_1T7A_DS
1228,Y,31,1228,2,,,,,,,1T1A 33_1T1A_ES
1236,Y,31,1236,2,,,,,,,2TOA 33_2TOA_CB
1237,Y,31,1237,2,,,,,,,2T7A 33_2T7A_DS
1238,Y,31,1238,2,,,,,,,2TOA 33_2T1A_ES
1246,Y,31,1246,2,,,,,,,1TOB 33_1TOB_CB
1247,Y,31,1247,2,,,,,,,1T7B 33_1T7B_DS
1248,Y,31,1248,2,,,,,,,1T1B 33_1T1B_ES
1256,Y,31,1256,2,,,,,,,2TOB 33_2TOB_CB
1257,Y,31,1257,2,,,,,,,2T7B 33_2T7B_DS
1258,Y,31,1258,2,,,,,,,2T1B 33_2T1B_ES
1171,Y,31,1171,2,,,,,,,BBP1 33_BBP1_MZ POSITION
1172,Y,31,1172,2,,,,,,,BBP1 33_BBP1_CZ POSITION
1197,Y,31,1197,2,,,,,,,BBP2 33_BBP2_MZ POSITION
1198,Y,31,1198,2,,,,,,,BBP2 33_BBP2_CZ POSITION
#------------------------,,SPI + CP56Time2a -------------,,,,,,,,,
101,Y,30,101,0,,,,,,,H-LN01_TRIP RELAY OPERATED
102,Y,30,102,0,,,,,,,H-LN01_LS TRIP RELAY OPERATED
103,Y,30,103,0,,,,,,,H-LN01_MAIN RELAY OPERATED(HARDWIRE)
104,Y,30,104,0,,,,,,,H-LN01_BACKUP NON DIR OC OPERATED(HARDWIRE) 
105,Y,30,105,0,,,,,,,H-LN01_MAIN RELAY OPERATED(SOFTWARE)
106,Y,30,106,0,,,,,,,H-LN01_BACKUP NON DIR OC OPERATED(SOFTWARE) 
107,Y,30,107,0,,,,,,,H-LN01_BACKUP NON DIR EF OPERATED(SOFTWARE) 
108,Y,30,108,0,,,,,,,H-LN01_TRIP CIRCUIT-1 FAULTY
109,Y,30,109,0,,,,,,,H-LN01_TRIP CIRCUIT-2 FAULTY
110,Y,30,110,0,,,,,,,H-LN01_MAIN RELAY FAULTY
111,Y,30,111,0,,,,,,,H-LN01_BACKUP RELAY FAULTY
112,Y,30,112,0,,,,,,,H-LN01_CB FAULTY
113,Y,30,113,0,,,,,,,H-LN01_CB SPRING CHARGED
114,Y,30,114,0,,,,,,,H-LN01_GIS EQUIPMENT UNHEALTHY
115,Y,30,115,0,,,,,,,H-LN01_CB SF6 GAS PRESSURE LOW
116,Y,30,116,0,,,,,,,H-LN01_CB SF6 GAS PRESSURE LOCKOUT
117,Y,30,117,0,,,,,,,H-LN01_GIS GAS COMP SF6 LOW
118,Y,30,118,0,,,,,,,H-LN01_LVAC SUPPLY FAIL
119,Y,30,119,0,,,,,,,H-LN01_INDICATION SUPPLY FAIL
120,Y,30,120,0,,,,,,,H-LN01_CONTROL SUPPLY FAIL
121,Y,30,121,0,,,,,,,H-LN01_MAIN & BACKUP PROT DC SUPPLY FAIL
122,Y,30,122,0,,,,,,,H-LN01_SYSTEM LOAD SHED
123,Y,30,123,0,,,,,,,H-LN01_SYSTEM LOAD RESTORE
151,Y,30,151,0,,,,,,,H-LN03_TRIP RELAY OPERATED
152,Y,30,152,0,,,,,,,H-LN03_LS TRIP RELAY OPERATED
153,Y,30,153,0,,,,,,,H-LN03_MAIN RELAY OPERATED(HARDWIRE)
154,Y,30,154,0,,,,,,,H-LN03_BACKUP NON DIR OC OPERATED(HARDWIRE) 
155,Y,30,155,0,,,,,,,H-LN03_MAIN RELAY OPERATED(SOFTWARE)
156,Y,30,156,0,,,,,,,H-LN03_BACKUP NON DIR OC OPERATED(SOFTWARE) 
157,Y,30,157,0,,,,,,,H-LN03_BACKUP NON DIR EF OPERATED(SOFTWARE) 
158,Y,30,158,0,,,,,,,H-LN03_TRIP CIRCUIT-1 FAULTY
159,Y,30,159,0,,,,,,,H-LN03_TRIP CIRCUIT-2 FAULTY
160,Y,30,160,0,,,,,,,H-LN03_MAIN RELAY FAULTY
161,Y,30,161,0,,,,,,,H-LN03_BACKUP RELAY FAULTY
162,Y,30,162,0,,,,,,,H-LN03_CB FAULTY
163,Y,30,163,0,,,,,,,H-LN03_CB SPRING CHARGED
164,Y,30,164,0,,,,,,,H-LN03_GIS EQUIPMENT UNHEALTHY
165,Y,30,165,0,,,,,,,H-LN03_CB SF6 GAS PRESSURE LOW
166,Y,30,166,0,,,,,,,H-LN03_CB SF6 GAS PRESSURE LOCKOUT
167,Y,30,167,0,,,,,,,H-LN03_GIS GAS COMP SF6 LOW
168,Y,30,168,0,,,,,,,H-LN03_LVAC SUPPLY FAIL
169,Y,30,169,0,,,,,,,H-LN03_INDICATION SUPPLY FAIL
170,Y,30,170,0,,,,,,,H-LN03_CONTROL SUPPLY FAIL
171,Y,30,171,0,,,,,,,H-LN03_MAIN & BACKUP PROT DC SUPPLY FAIL
172,Y,30,172,0,,,,,,,H-LN03_SYSTEM LOAD SHED
173,Y,30,173,0,,,,,,,H-LN03_SYSTEM LOAD RESTORE
451,Y,30,451,0,,,,,,,H-LN15_TRIP RELAY OPERATED
452,Y,30,452,0,,,,,,,H-LN15_LS TRIP RELAY OPERATED
453,Y,30,453,0,,,,,,,H-LN15_MAIN RELAY OPERATED(HARDWIRE)
454,Y,30,454,0,,,,,,,H-LN15_BACKUP NON DIR OC OPERATED(HARDWIRE) 
455,Y,30,455,0,,,,,,,H-LN15_MAIN RELAY OPERATED(SOFTWARE)
456,Y,30,456,0,,,,,,,H-LN15_BACKUP NON DIR OC OPERATED(SOFTWARE) 
457,Y,30,457,0,,,,,,,H-LN15_BACKUP NON DIR EF OPERATED(SOFTWARE) 
458,Y,30,458,0,,,,,,,H-LN15_TRIP CIRCUIT-1 FAULTY
459,Y,30,459,0,,,,,,,H-LN15_TRIP CIRCUIT-2 FAULTY
460,Y,30,460,0,,,,,,,H-LN15_MAIN RELAY FAULTY
461,Y,30,461,0,,,,,,,H-LN15_BACKUP RELAY FAULTY
462,Y,30,462,0,,,,,,,H-LN15_CB FAULTY
463,Y,30,463,0,,,,,,,H-LN15_CB SPRING CHARGED
464,Y,30,464,0,,,,,,,H-LN15_GIS EQUIPMENT UNHEALTHY
465,Y,30,465,0,,,,,,,H-LN15_CB SF6 GAS PRESSURE LOW
466,Y,30,466,0,,,,,,,H-LN15_CB SF6 GAS PRESSURE LOCKOUT
467,Y,30,467,0,,,,,,,H-LN15_GIS GAS COMP SF6 LOW
468,Y,30,468,0,,,,,,,H-LN15_LVAC SUPPLY FAIL
469,Y,30,469,0,,,,,,,H-LN15_INDICATION SUPPLY FAIL
470,Y,30,470,0,,,,,,,H-LN15_CONTROL SUPPLY FAIL
471,Y,30,471,0,,,,,,,H-LN15_MAIN & BACKUP PROT DC SUPPLY FAIL
472,Y,30,472,0,,,,,,,H-LN15_SYSTEM LOAD SHED
473,Y,30,473,0,,,,,,,H-LN15_SYSTEM LOAD RESTORE
721,Y,30,721,0,,,,,,,H-LN16_TRIP RELAY OPERATED
722,Y,30,722,0,,,,,,,H-LN16_LS TRIP RELAY OPERATED
723,Y,30,723,0,,,,,,,H-LN16_MAIN RELAY OPERATED(HARDWIRE)
724,Y,30,724,0,,,,,,,H-LN16_BACKUP NON DIR OC OPERATED(HARDWIRE) 
725,Y,30,725,0,,,,,,,H-LN16_MAIN RELAY OPERATED(SOFTWARE)
726,Y,30,726,0,,,,,,,H-LN16_BACKUP NON DIR OC OPERATED(SOFTWARE) 
727,Y,30,727,0,,,,,,,H-LN16_BACKUP NON DIR EF OPERATED(SOFTWARE) 
728,Y,30,728,0,,,,,,,H-LN16_TRIP CIRCUIT-1 FAULTY
729,Y,30,729,0,,,,,,,H-LN16_TRIP CIRCUIT-2 FAULTY
730,Y,30,730,0,,,,,,,H-LN16_MAIN RELAY FAULTY
731,Y,30,731,0,,,,,,,H-LN16_BACKUP RELAY FAULTY
732,Y,30,732,0,,,,,,,H-LN16_CB FAULTY
733,Y,30,733,0,,,,,,,H-LN16_CB SPRING CHARGED
734,Y,30,734,0,,,,,,,H-LN16_GIS EQUIPMENT UNHEALTHY
735,Y,30,735,0,,,,,,,H-LN16_CB SF6 GAS PRESSURE LOW
736,Y,30,736,0,,,,,,,H-LN16_CB SF6 GAS PRESSURE LOCKOUT
737,Y,30,737,0,,,,,,,H-LN16_GIS GAS COMP SF6 LOW
738,Y,30,738,0,,,,,,,H-LN16_LVAC SUPPLY FAIL
739,Y,30,739,0,,,,,,,H-LN16_INDICATION SUPPLY FAIL
740,Y,30,740,0,,,,,,,H-LN16_CONTROL SUPPLY FAIL
741,Y,30,741,0,,,,,,,H-LN16_MAIN & BACKUP PROT DC SUPPLY FAIL
742,Y,30,742,0,,,,,,,H-LN16_SYSTEM LOAD SHED
743,Y,30,743,0,,,,,,,H-LN16_SYSTEM LOAD RESTORE
871,Y,30,871,0,,,,,,,H-LN10_TRIP RELAY OPERATED
872,Y,30,872,0,,,,,,,H-LN10_LS TRIP RELAY OPERATED
873,Y,30,873,0,,,,,,,H-LN10_MAIN RELAY OPERATED(HARDWIRE)
874,Y,30,874,0,,,,,,,H-LN10_BACKUP NON DIR OC OPERATED(HARDWIRE) 
875,Y,30,875,0,,,,,,,H-LN10_MAIN RELAY OPERATED(SOFTWARE)
876,Y,30,876,0,,,,,,,H-LN10_BACKUP NON DIR OC OPERATED(SOFTWARE) 
877,Y,30,877,0,,,,,,,H-LN10_BACKUP NON DIR EF OPERATED(SOFTWARE) 
878,Y,30,878,0,,,,,,,H-LN10_TRIP CIRCUIT-1 FAULTY
879,Y,30,879,0,,,,,,,H-LN10_TRIP CIRCUIT-2 FAULTY
880,Y,30,880,0,,,,,,,H-LN10_MAIN RELAY FAULTY
881,Y,30,881,0,,,,,,,H-LN10_BACKUP RELAY FAULTY
882,Y,30,882,0,,,,,,,H-LN10_CB FAULTY
883,Y,30,883,0,,,,,,,H-LN10_CB SPRING CHARGED
884,Y,30,884,0,,,,,,,H-LN10_GIS EQUIPMENT UNHEALTHY
885,Y,30,885,0,,,,,,,H-LN10_CB SF6 GAS PRESSURE LOW
886,Y,30,886,0,,,,,,,H-LN10_CB SF6 GAS PRESSURE LOCKOUT
887,Y,30,887,0,,,,,,,H-LN10_GIS GAS COMP SF6 LOW
888,Y,30,888,0,,,,,,,H-LN10_LVAC SUPPLY FAIL
889,Y,30,889,0,,,,,,,H-LN10_INDICATION SUPPLY FAIL
890,Y,30,890,0,,,,,,,H-LN10_CONTROL SUPPLY FAIL
891,Y,30,891,0,,,,,,,H-LN10_MAIN & BACKUP PROT DC SUPPLY FAIL
892,Y,30,892,0,,,,,,,H-LN10_SYSTEM LOAD SHED
893,Y,30,893,0,,,,,,,H-LN10_SYSTEM LOAD RESTORE
1021,Y,30,1021,0,,,,,,,H-LN04_TRIP RELAY OPERATED
1022,Y,30,1022,0,,,,,,,H-LN04_LS TRIP RELAY OPERATED
1023,Y,30,1023,0,,,,,,,H-LN04_MAIN RELAY OPERATED(HARDWIRE)
1024,Y,30,1024,0,,,,,,,H-LN04_BACKUP NON DIR OC OPERATED(HARDWIRE) 
1025,Y,30,1025,0,,,,,,,H-LN04_MAIN RELAY OPERATED(SOFTWARE)
1026,Y,30,1026,0,,,,,,,H-LN04_BACKUP NON DIR OC OPERATED(SOFTWARE) 
1027,Y,30,1027,0,,,,,,,H-LN04_BACKUP NON DIR EF OPERATED(SOFTWARE) 
1028,Y,30,1028,0,,,,,,,H-LN04_TRIP CIRCUIT-1 FAULTY
1029,Y,30,1029,0,,,,,,,H-LN04_TRIP CIRCUIT-2 FAULTY
1030,Y,30,1030,0,,,,,,,H-LN04_MAIN RELAY FAULTY
1031,Y,30,1031,0,,,,,,,H-LN04_BACKUP RELAY FAULTY
1032,Y,30,1032,0,,,,,,,H-LN04_CB FAULTY
1033,Y,30,1033,0,,,,,,,H-LN04_CB SPRING CHARGED
1034,Y,30,1034,0,,,,,,,H-LN04_GIS EQUIPMENT UNHEALTHY
1035,Y,30,1035,0,,,,,,,H-LN04_CB SF6 GAS PRESSURE LOW
1036,Y,30,1036,0,,,,,,,H-LN04_CB SF6 GAS PRESSURE LOCKOUT
1037,Y,30,1037,0,,,,,,,H-LN04_GIS GAS COMP SF6 LOW
1038,Y,30,1038,0,,,,,,,H-LN04_LVAC SUPPLY FAIL
1039,Y,30,1039,0,,,,,,,H-LN04_INDICATION SUPPLY FAIL
1040,Y,30,1040,0,,,,,,,H-LN04_CONTROL SUPPLY FAIL
1041,Y,30,1041,0,,,,,,,H-LN04_MAIN & BACKUP PROT DC SUPPLY FAIL
1042,Y,30,1042,0,,,,,,,H-LN04_SYSTEM LOAD SHED
1043,Y,30,1043,0,,,,,,,H-LN04_SYSTEM LOAD RESTORE
1071,Y,30,1071,0,,,,,,,H-LN02_TRIP RELAY OPERATED
1072,Y,30,1072,0,,,,,,,H-LN02_LS TRIP RELAY OPERATED
1073,Y,30,1073,0,,,,,,,H-LN02_MAIN RELAY OPERATED(HARDWIRE)
1074,Y,30,1074,0,,,,,,,H-LN02_BACKUP NON DIR OC OPERATED(HARDWIRE) 
1075,Y,30,1075,0,,,,,,,H-LN02_MAIN RELAY OPERATED(SOFTWARE)
1076,Y,30,1076,0,,,,,,,H-LN02_BACKUP NON DIR OC OPERATED(SOFTWARE) 
1077,Y,30,1077,0,,,,,,,H-LN02_BACKUP NON DIR EF OPERATED(SOFTWARE) 
1078,Y,30,1078,0,,,,,,,H-LN02_TRIP CIRCUIT-1 FAULTY
1079,Y,30,1079,0,,,,,,,H-LN02_TRIP CIRCUIT-2 FAULTY
1080,Y,30,1080,0,,,,,,,H-LN02_MAIN RELAY FAULTY
1081,Y,30,1081,0,,,,,,,H-LN02_BACKUP RELAY FAULTY
1082,Y,30,1082,0,,,,,,,H-LN02_CB FAULTY
1083,Y,30,1083,0,,,,,,,H-LN02_CB SPRING CHARGED
1084,Y,30,1084,0,,,,,,,H-LN02_GIS EQUIPMENT UNHEALTHY
1085,Y,30,1085,0,,,,,,,H-LN02_CB SF6 GAS PRESSURE LOW
1086,Y,30,1086,0,,,,,,,H-LN02_CB SF6 GAS PRESSURE LOCKOUT
1087,Y,30,1087,0,,,,,,,H-LN02_GIS GAS COMP SF6 LOW
1088,Y,30,1088,0,,,,,,,H-LN02_LVAC SUPPLY FAIL
1089,Y,30,1089,0,,,,,,,H-LN02_INDICATION SUPPLY FAIL
1090,Y,30,1090,0,,,,,,,H-LN02_CONTROL SUPPLY FAIL
1091,Y,30,1091,0,,,,,,,H-LN02_MAIN & BACKUP PROT DC SUPPLY FAIL
1092,Y,30,1092,0,,,,,,,H-LN02_SYSTEM LOAD SHED
1093,Y,30,1093,0,,,,,,,H-LN02_SYSTEM LOAD RESTORE
201,Y,30,201,0,,,,,,,H-LN05_TRIP RELAY OPERATED
202,Y,30,202,0,,,,,,,H-LN05_LS TRIP RELAY OPERATED
203,Y,30,203,0,,,,,,,H-LN05_MAIN RELAY OPERATED(SOFTWARE)
204,Y,30,204,0,,,,,,,H-LN05_BACKUP OC & EF OPERATED(SOFTWARE) 
205,Y,30,205,0,,,,,,,H-LN05_ SENSITIVE EF OPERATED(SOFTWARE) 
206,Y,30,206,0,,,,,,,H-LN05_TRIP CIRCUIT-1 FAULTY
207,Y,30,207,0,,,,,,,H-LN05_TRIP CIRCUIT-2 FAULTY
208,Y,30,208,0,,,,,,,H-LN05_CB FAULTY
209,Y,30,209,0,,,,,,,H-LN05_MAIN RELAY FAULTY
210,Y,30,210,0,,,,,,,H-LN05_BACKUP RELAY FAULTY
211,Y,30,211,0,,,,,,,H-LN05_AUTO RECLOSE RELAY FAULTY
212,Y,30,212,0,,,,,,,H-LN05_F51G RELAY FAULTY
213,Y,30,213,0,,,,,,,H-LN05_CB SPRING CHARGED
214,Y,30,214,0,,,,,,,H-LN05_GIS EQUIPMENT UNHEALTHY
215,Y,30,215,0,,,,,,,H-LN05_CB SF6 GAS PRESSURE LOW
216,Y,30,216,0,,,,,,,H-LN05_CB SF6 GAS PRESSURE LOCKOUT
217,Y,30,217,0,,,,,,,H-LN05_GIS GAS COMP SF6 LOW
218,Y,30,218,0,,,,,,,H-LN05_AUTO RECLOSE RELAY LOCKOUT
219,Y,30,219,0,,,,,,,H-LN05_PROTECTION DC SUPPLY FAIL
220,Y,30,220,0,,,,,,,H-LN05_ CONTROL SUPPLY FAIL
221,Y,30,221,0,,,,,,,H-LN05_LVAC SUPPLY FAIL
222,Y,30,222,0,,,,,,,H-LN05_INDICATION SUPPLY FAIL
223,Y,30,223,0,,,,,,,H-LN05_SYSTEM LOAD SHED
224,Y,30,224,0,,,,,,,H-LN05_SYSTEM LOAD RESTORE
251,Y,30,251,0,,,,,,,H-LN07_TRIP RELAY OPERATED
252,Y,30,252,0,,,,,,,H-LN07_LS TRIP RELAY OPERATED
253,Y,30,253,0,,,,,,,H-LN07_MAIN RELAY OPERATED(SOFTWARE)
254,Y,30,254,0,,,,,,,H-LN07_BACKUP OC & EF OPERATED(SOFTWARE) 
255,Y,30,255,0,,,,,,,H-LN07_ SENSITIVE EF OPERATED(SOFTWARE) 
256,Y,30,256,0,,,,,,,H-LN07_TRIP CIRCUIT-1 FAULTY
257,Y,30,257,0,,,,,,,H-LN07_TRIP CIRCUIT-2 FAULTY
258,Y,30,258,0,,,,,,,H-LN07_CB FAULTY
259,Y,30,259,0,,,,,,,H-LN07_MAIN RELAY FAULTY
260,Y,30,260,0,,,,,,,H-LN07_BACKUP RELAY FAULTY
261,Y,30,261,0,,,,,,,H-LN07_AUTO RECLOSE RELAY FAULTY
262,Y,30,262,0,,,,,,,H-LN07_F51G RELAY FAULTY
263,Y,30,263,0,,,,,,,H-LN07_CB SPRING CHARGED
264,Y,30,264,0,,,,,,,H-LN07_GIS EQUIPMENT UNHEALTHY
265,Y,30,265,0,,,,,,,H-LN07_CB SF6 GAS PRESSURE LOW
266,Y,30,266,0,,,,,,,H-LN07_CB SF6 GAS PRESSURE LOCKOUT
267,Y,30,267,0,,,,,,,H-LN07_GIS GAS COMP SF6 LOW
268,Y,30,268,0,,,,,,,H-LN07_AUTO RECLOSE RELAY LOCKOUT
269,Y,30,269,0,,,,,,,H-LN07_PROTECTION DC SUPPLY FAIL
270,Y,30,270,0,,,,,,,H-LN07_ CONTROL SUPPLY FAIL
271,Y,30,271,0,,,,,,,H-LN07_LVAC SUPPLY FAIL
272,Y,30,272,0,,,,,,,H-LN07_INDICATION SUPPLY FAIL
273,Y,30,273,0,,,,,,,H-LN07_SYSTEM LOAD SHED
274,Y,30,274,0,,,,,,,H-LN07_SYSTEM LOAD RESTORE
301,Y,30,301,0,,,,,,,H-LN09_TRIP RELAY OPERATED
302,Y,30,302,0,,,,,,,H-LN09_LS TRIP RELAY OPERATED
303,Y,30,303,0,,,,,,,H-LN09_MAIN RELAY OPERATED(SOFTWARE)
304,Y,30,304,0,,,,,,,H-LN09_BACKUP OC & EF OPERATED(SOFTWARE) 
305,Y,30,305,0,,,,,,,H-LN09_ SENSITIVE EF OPERATED(SOFTWARE) 
306,Y,30,306,0,,,,,,,H-LN09_TRIP CIRCUIT-1 FAULTY
307,Y,30,307,0,,,,,,,H-LN09_TRIP CIRCUIT-2 FAULTY
308,Y,30,308,0,,,,,,,H-LN09_CB FAULTY
309,Y,30,309,0,,,,,,,H-LN09_MAIN RELAY FAULTY
310,Y,30,310,0,,,,,,,H-LN09_BACKUP RELAY FAULTY
311,Y,30,311,0,,,,,,,H-LN09_AUTO RECLOSE RELAY FAULTY
312,Y,30,312,0,,,,,,,H-LN09_F51G RELAY FAULTY
313,Y,30,313,0,,,,,,,H-LN09_CB SPRING CHARGED
314,Y,30,314,0,,,,,,,H-LN09_GIS EQUIPMENT UNHEALTHY
315,Y,30,315,0,,,,,,,H-LN09_CB SF6 GAS PRESSURE LOW
316,Y,30,316,0,,,,,,,H-LN09_CB SF6 GAS PRESSURE LOCKOUT
317,Y,30,317,0,,,,,,,H-LN09_GIS GAS COMP SF6 LOW
318,Y,30,318,0,,,,,,,H-LN09_AUTO RECLOSE RELAY LOCKOUT
319,Y,30,319,0,,,,,,,H-LN09_PROTECTION DC SUPPLY FAIL
320,Y,30,320,0,,,,,,,H-LN09_ CONTROL SUPPLY FAIL
321,Y,30,321,0,,,,,,,H-LN09_LVAC SUPPLY FAIL
322,Y,30,322,0,,,,,,,H-LN09_INDICATION SUPPLY FAIL
323,Y,30,323,0,,,,,,,H-LN09_SYSTEM LOAD SHED
324,Y,30,324,0,,,,,,,H-LN09_SYSTEM LOAD RESTORE
351,Y,30,351,0,,,,,,,H-LN11_TRIP RELAY OPERATED
352,Y,30,352,0,,,,,,,H-LN11_LS TRIP RELAY OPERATED
353,Y,30,353,0,,,,,,,H-LN11_MAIN RELAY OPERATED(SOFTWARE)
354,Y,30,354,0,,,,,,,H-LN11_BACKUP OC & EF OPERATED(SOFTWARE) 
355,Y,30,355,0,,,,,,,H-LN11_ SENSITIVE EF OPERATED(SOFTWARE) 
356,Y,30,356,0,,,,,,,H-LN11_TRIP CIRCUIT-1 FAULTY
357,Y,30,357,0,,,,,,,H-LN11_TRIP CIRCUIT-2 FAULTY
358,Y,30,358,0,,,,,,,H-LN11_CB FAULTY
359,Y,30,359,0,,,,,,,H-LN11_MAIN RELAY FAULTY
360,Y,30,360,0,,,,,,,H-LN11_BACKUP RELAY FAULTY
361,Y,30,361,0,,,,,,,H-LN11_AUTO RECLOSE RELAY FAULTY
362,Y,30,362,0,,,,,,,H-LN11_F51G RELAY FAULTY
363,Y,30,363,0,,,,,,,H-LN11_CB SPRING CHARGED
364,Y,30,364,0,,,,,,,H-LN11_GIS EQUIPMENT UNHEALTHY
365,Y,30,365,0,,,,,,,H-LN11_CB SF6 GAS PRESSURE LOW
366,Y,30,366,0,,,,,,,H-LN11_CB SF6 GAS PRESSURE LOCKOUT
367,Y,30,367,0,,,,,,,H-LN11_GIS GAS COMP SF6 LOW
368,Y,30,368,0,,,,,,,H-LN11_AUTO RECLOSE RELAY LOCKOUT
369,Y,30,369,0,,,,,,,H-LN11_PROTECTION DC SUPPLY FAIL
370,Y,30,370,0,,,,,,,H-LN11_ CONTROL SUPPLY FAIL
371,Y,30,371,0,,,,,,,H-LN11_LVAC SUPPLY FAIL
372,Y,30,372,0,,,,,,,H-LN11_INDICATION SUPPLY FAIL
373,Y,30,373,0,,,,,,,H-LN11_SYSTEM LOAD SHED
374,Y,30,374,0,,,,,,,H-LN11_SYSTEM LOAD RESTORE
401,Y,30,401,0,,,,,,,H-LN13_TRIP RELAY OPERATED
402,Y,30,402,0,,,,,,,H-LN13_LS TRIP RELAY OPERATED
403,Y,30,403,0,,,,,,,H-LN13_MAIN RELAY OPERATED(SOFTWARE)
404,Y,30,404,0,,,,,,,H-LN13_BACKUP OC & EF OPERATED(SOFTWARE) 
405,Y,30,405,0,,,,,,,H-LN13_ SENSITIVE EF OPERATED(SOFTWARE) 
406,Y,30,406,0,,,,,,,H-LN13_TRIP CIRCUIT-1 FAULTY
407,Y,30,407,0,,,,,,,H-LN13_TRIP CIRCUIT-2 FAULTY
408,Y,30,408,0,,,,,,,H-LN13_CB FAULTY
409,Y,30,409,0,,,,,,,H-LN13_MAIN RELAY FAULTY
410,Y,30,410,0,,,,,,,H-LN13_BACKUP RELAY FAULTY
411,Y,30,411,0,,,,,,,H-LN13_AUTO RECLOSE RELAY FAULTY
412,Y,30,412,0,,,,,,,H-LN13_F51G RELAY FAULTY
413,Y,30,413,0,,,,,,,H-LN13_CB SPRING CHARGED
414,Y,30,414,0,,,,,,,H-LN13_GIS EQUIPMENT UNHEALTHY
415,Y,30,415,0,,,,,,,H-LN13_CB SF6 GAS PRESSURE LOW
416,Y,30,416,0,,,,,,,H-LN13_CB SF6 GAS PRESSURE LOCKOUT
417,Y,30,417,0,,,,,,,H-LN13_GIS GAS COMP SF6 LOW
418,Y,30,418,0,,,,,,,H-LN13_AUTO RECLOSE RELAY LOCKOUT
419,Y,30,419,0,,,,,,,H-LN13_PROTECTION DC SUPPLY FAIL
420,Y,30,420,0,,,,,,,H-LN13_ CONTROL SUPPLY FAIL
421,Y,30,421,0,,,,,,,H-LN13_LVAC SUPPLY FAIL
422,Y,30,422,0,,,,,,,H-LN13_INDICATION SUPPLY FAIL
423,Y,30,423,0,,,,,,,H-LN13_SYSTEM LOAD SHED
424,Y,30,424,0,,,,,,,H-LN13_SYSTEM LOAD RESTORE
501,Y,30,501,0,,,,,,,H-LN17_TRIP RELAY OPERATED
502,Y,30,502,0,,,,,,,H-LN17_LS TRIP RELAY OPERATED
503,Y,30,503,0,,,,,,,H-LN17_MAIN RELAY OPERATED(SOFTWARE)
504,Y,30,504,0,,,,,,,H-LN17_BACKUP OC & EF OPERATED(SOFTWARE) 
505,Y,30,505,0,,,,,,,H-LN17_ SENSITIVE EF OPERATED(SOFTWARE) 
506,Y,30,506,0,,,,,,,H-LN17_TRIP CIRCUIT-1 FAULTY
507,Y,30,507,0,,,,,,,H-LN17_TRIP CIRCUIT-2 FAULTY
508,Y,30,508,0,,,,,,,H-LN17_CB FAULTY
509,Y,30,509,0,,,,,,,H-LN17_MAIN RELAY FAULTY
510,Y,30,510,0,,,,,,,H-LN17_BACKUP RELAY FAULTY
511,Y,30,511,0,,,,,,,H-LN17_AUTO RECLOSE RELAY FAULTY
512,Y,30,512,0,,,,,,,H-LN17_F51G RELAY FAULTY
513,Y,30,513,0,,,,,,,H-LN17_CB SPRING CHARGED
514,Y,30,514,0,,,,,,,H-LN17_GIS EQUIPMENT UNHEALTHY
515,Y,30,515,0,,,,,,,H-LN17_CB SF6 GAS PRESSURE LOW
516,Y,30,516,0,,,,,,,H-LN17_CB SF6 GAS PRESSURE LOCKOUT
517,Y,30,517,0,,,,,,,H-LN17_GIS GAS COMP SF6 LOW
518,Y,30,518,0,,,,,,,H-LN17_AUTO RECLOSE RELAY LOCKOUT
519,Y,30,519,0,,,,,,,H-LN17_PROTECTION DC SUPPLY FAIL
520,Y,30,520,0,,,,,,,H-LN17_ CONTROL SUPPLY FAIL
521,Y,30,521,0,,,,,,,H-LN17_LVAC SUPPLY FAIL
522,Y,30,522,0,,,,,,,H-LN17_INDICATION SUPPLY FAIL
523,Y,30,523,0,,,,,,,H-LN17_SYSTEM LOAD SHED
524,Y,30,524,0,,,,,,,H-LN17_SYSTEM LOAD RESTORE
671,Y,30,671,0,,,,,,,H-LN18_TRIP RELAY OPERATED
672,Y,30,672,0,,,,,,,H-LN18_LS TRIP RELAY OPERATED
673,Y,30,673,0,,,,,,,H-LN18_MAIN RELAY OPERATED(SOFTWARE)
674,Y,30,674,0,,,,,,,H-LN18_BACKUP OC & EF OPERATED(SOFTWARE) 
675,Y,30,675,0,,,,,,,H-LN18_ SENSITIVE EF OPERATED(SOFTWARE) 
676,Y,30,676,0,,,,,,,H-LN18_TRIP CIRCUIT-1 FAULTY
677,Y,30,677,0,,,,,,,H-LN18_TRIP CIRCUIT-2 FAULTY
678,Y,30,678,0,,,,,,,H-LN18_CB FAULTY
679,Y,30,679,0,,,,,,,H-LN18_MAIN RELAY FAULTY
680,Y,30,680,0,,,,,,,H-LN18_BACKUP RELAY FAULTY
681,Y,30,681,0,,,,,,,H-LN18_AUTO RECLOSE RELAY FAULTY
682,Y,30,682,0,,,,,,,H-LN18_F51G RELAY FAULTY
683,Y,30,683,0,,,,,,,H-LN18_CB SPRING CHARGED
684,Y,30,684,0,,,,,,,H-LN18_GIS EQUIPMENT UNHEALTHY
685,Y,30,685,0,,,,,,,H-LN18_CB SF6 GAS PRESSURE LOW
686,Y,30,686,0,,,,,,,H-LN18_CB SF6 GAS PRESSURE LOCKOUT
687,Y,30,687,0,,,,,,,H-LN18_GIS GAS COMP SF6 LOW
688,Y,30,688,0,,,,,,,H-LN18_AUTO RECLOSE RELAY LOCKOUT
689,Y,30,689,0,,,,,,,H-LN18_PROTECTION DC SUPPLY FAIL
690,Y,30,690,0,,,,,,,H-LN18_ CONTROL SUPPLY FAIL
691,Y,30,691,0,,,,,,,H-LN18_LVAC SUPPLY FAIL
692,Y,30,692,0,,,,,,,H-LN18_INDICATION SUPPLY FAIL
693,Y,30,693,0,,,,,,,H-LN18_SYSTEM LOAD SHED
694,Y,30,694,0,,,,,,,H-LN18_SYSTEM LOAD RESTORE
771,Y,30,771,0,,,,,,,H-LN14_TRIP RELAY OPERATED
772,Y,30,772,0,,,,,,,H-LN14_LS TRIP RELAY OPERATED
773,Y,30,773,0,,,,,,,H-LN14_MAIN RELAY OPERATED(SOFTWARE)
774,Y,30,774,0,,,,,,,H-LN14_BACKUP OC & EF OPERATED(SOFTWARE) 
775,Y,30,775,0,,,,,,,H-LN14_ SENSITIVE EF OPERATED(SOFTWARE) 
776,Y,30,776,0,,,,,,,H-LN14_TRIP CIRCUIT-1 FAULTY
777,Y,30,777,0,,,,,,,H-LN14_TRIP CIRCUIT-2 FAULTY
778,Y,30,778,0,,,,,,,H-LN14_CB FAULTY
779,Y,30,779,0,,,,,,,H-LN14_MAIN RELAY FAULTY
780,Y,30,780,0,,,,,,,H-LN14_BACKUP RELAY FAULTY
781,Y,30,781,0,,,,,,,H-LN14_AUTO RECLOSE RELAY FAULTY
782,Y,30,782,0,,,,,,,H-LN14_F51G RELAY FAULTY
783,Y,30,783,0,,,,,,,H-LN14_CB SPRING CHARGED
784,Y,30,784,0,,,,,,,H-LN14_GIS EQUIPMENT UNHEALTHY
785,Y,30,785,0,,,,,,,H-LN14_CB SF6 GAS PRESSURE LOW
786,Y,30,786,0,,,,,,,H-LN14_CB SF6 GAS PRESSURE LOCKOUT
787,Y,30,787,0,,,,,,,H-LN14_GIS GAS COMP SF6 LOW
788,Y,30,788,0,,,,,,,H-LN14_AUTO RECLOSE RELAY LOCKOUT
789,Y,30,789,0,,,,,,,H-LN14_PROTECTION DC SUPPLY FAIL
790,Y,30,790,0,,,,,,,H-LN14_ CONTROL SUPPLY FAIL
791,Y,30,791,0,,,,,,,H-LN14_LVAC SUPPLY FAIL
792,Y,30,792,0,,,,,,,H-LN14_INDICATION SUPPLY FAIL
793,Y,30,793,0,,,,,,,H-LN14_SYSTEM LOAD SHED
794,Y,30,794,0,,,,,,,H-LN14_SYSTEM LOAD RESTORE
821,Y,30,821,0,,,,,,,H-LN12_TRIP RELAY OPERATED
822,Y,30,822,0,,,,,,,H-LN12_LS TRIP RELAY OPERATED
823,Y,30,823,0,,,,,,,H-LN12_MAIN RELAY OPERATED(SOFTWARE)
824,Y,30,824,0,,,,,,,H-LN12_BACKUP OC & EF OPERATED(SOFTWARE) 
825,Y,30,825,0,,,,,,,H-LN12_ SENSITIVE EF OPERATED(SOFTWARE) 
826,Y,30,826,0,,,,,,,H-LN12_TRIP CIRCUIT-1 FAULTY
827,Y,30,827,0,,,,,,,H-LN12_TRIP CIRCUIT-2 FAULTY
828,Y,30,828,0,,,,,,,H-LN12_CB FAULTY
829,Y,30,829,0,,,,,,,H-LN12_MAIN RELAY FAULTY
830,Y,30,830,0,,,,,,,H-LN12_BACKUP RELAY FAULTY
831,Y,30,831,0,,,,,,,H-LN12_AUTO RECLOSE RELAY FAULTY
832,Y,30,832,0,,,,,,,H-LN12_F51G RELAY FAULTY
833,Y,30,833,0,,,,,,,H-LN12_CB SPRING CHARGED
834,Y,30,834,0,,,,,,,H-LN12_GIS EQUIPMENT UNHEALTHY
835,Y,30,835,0,,,,,,,H-LN12_CB SF6 GAS PRESSURE LOW
836,Y,30,836,0,,,,,,,H-LN12_CB SF6 GAS PRESSURE LOCKOUT
837,Y,30,837,0,,,,,,,H-LN12_GIS GAS COMP SF6 LOW
838,Y,30,838,0,,,,,,,H-LN12_AUTO RECLOSE RELAY LOCKOUT
839,Y,30,839,0,,,,,,,H-LN12_PROTECTION DC SUPPLY FAIL
840,Y,30,840,0,,,,,,,H-LN12_ CONTROL SUPPLY FAIL
841,Y,30,841,0,,,,,,,H-LN12_LVAC SUPPLY FAIL
842,Y,30,842,0,,,,,,,H-LN12_INDICATION SUPPLY FAIL
843,Y,30,843,0,,,,,,,H-LN12_SYSTEM LOAD SHED
844,Y,30,844,0,,,,,,,H-LN12_SYSTEM LOAD RESTORE
921,Y,30,921,0,,,,,,,H-LN08_TRIP RELAY OPERATED
922,Y,30,922,0,,,,,,,H-LN08_LS TRIP RELAY OPERATED
923,Y,30,923,0,,,,,,,H-LN08_MAIN RELAY OPERATED(SOFTWARE)
924,Y,30,924,0,,,,,,,H-LN08_BACKUP OC & EF OPERATED(SOFTWARE) 
925,Y,30,925,0,,,,,,,H-LN08_ SENSITIVE EF OPERATED(SOFTWARE) 
926,Y,30,926,0,,,,,,,H-LN08_TRIP CIRCUIT-1 FAULTY
927,Y,30,927,0,,,,,,,H-LN08_TRIP CIRCUIT-2 FAULTY
928,Y,30,928,0,,,,,,,H-LN08_CB FAULTY
929,Y,30,929,0,,,,,,,H-LN08_MAIN RELAY FAULTY
930,Y,30,930,0,,,,,,,H-LN08_BACKUP RELAY FAULTY
931,Y,30,931,0,,,,,,,H-LN08_AUTO RECLOSE RELAY FAULTY
932,Y,30,932,0,,,,,,,H-LN08_F51G RELAY FAULTY
933,Y,30,933,0,,,,,,,H-LN08_CB SPRING CHARGED
934,Y,30,934,0,,,,,,,H-LN08_GIS EQUIPMENT UNHEALTHY
935,Y,30,935,0,,,,,,,H-LN08_CB SF6 GAS PRESSURE LOW
936,Y,30,936,0,,,,,,,H-LN08_CB SF6 GAS PRESSURE LOCKOUT
937,Y,30,937,0,,,,,,,H-LN08_GIS GAS COMP SF6 LOW
938,Y,30,938,0,,,,,,,H-LN08_AUTO RECLOSE RELAY LOCKOUT
939,Y,30,939,0,,,,,,,H-LN08_PROTECTION DC SUPPLY FAIL
940,Y,30,940,0,,,,,,,H-LN08_ CONTROL SUPPLY FAIL
941,Y,30,941,0,,,,,,,H-LN08_LVAC SUPPLY FAIL
942,Y,30,942,0,,,,,,,H-LN08_INDICATION SUPPLY FAIL
943,Y,30,943,0,,,,,,,H-LN08_SYSTEM LOAD SHED
944,Y,30,944,0,,,,,,,H-LN08_SYSTEM LOAD RESTORE
971,Y,30,971,0,,,,,,,H-LN06_TRIP RELAY OPERATED
972,Y,30,972,0,,,,,,,H-LN06_LS TRIP RELAY OPERATED
973,Y,30,973,0,,,,,,,H-LN06_MAIN RELAY OPERATED(SOFTWARE)
974,Y,30,974,0,,,,,,,H-LN06_BACKUP OC & EF OPERATED(SOFTWARE) 
975,Y,30,975,0,,,,,,,H-LN06_ SENSITIVE EF OPERATED(SOFTWARE) 
976,Y,30,976,0,,,,,,,H-LN06_TRIP CIRCUIT-1 FAULTY
977,Y,30,977,0,,,,,,,H-LN06_TRIP CIRCUIT-2 FAULTY
978,Y,30,978,0,,,,,,,H-LN06_CB FAULTY
979,Y,30,979,0,,,,,,,H-LN06_MAIN RELAY FAULTY
980,Y,30,980,0,,,,,,,H-LN06_BACKUP RELAY FAULTY
981,Y,30,981,0,,,,,,,H-LN06_AUTO RECLOSE RELAY FAULTY
982,Y,30,982,0,,,,,,,H-LN06_F51G RELAY FAULTY
983,Y,30,983,0,,,,,,,H-LN06_CB SPRING CHARGED
984,Y,30,984,0,,,,,,,H-LN06_GIS EQUIPMENT UNHEALTHY
985,Y,30,985,0,,,,,,,H-LN06_CB SF6 GAS PRESSURE LOW
986,Y,30,986,0,,,,,,,H-LN06_CB SF6 GAS PRESSURE LOCKOUT
987,Y,30,987,0,,,,,,,H-LN06_GIS GAS COMP SF6 LOW
988,Y,30,988,0,,,,,,,H-LN06_AUTO RECLOSE RELAY LOCKOUT
989,Y,30,989,0,,,,,,,H-LN06_PROTECTION DC SUPPLY FAIL
990,Y,30,990,0,,,,,,,H-LN06_ CONTROL SUPPLY FAIL
991,Y,30,991,0,,,,,,,H-LN06_LVAC SUPPLY FAIL
992,Y,30,992,0,,,,,,,H-LN06_INDICATION SUPPLY FAIL
993,Y,30,993,0,,,,,,,H-LN06_SYSTEM LOAD SHED
994,Y,30,994,0,,,,,,,H-LN06_SYSTEM LOAD RESTORE
551,Y,30,551,0,,,,,,,H-CB01_TRIP RELAY OPERATED
552,Y,30,552,0,,,,,,,H-CB01_OC & EF PROTECTION OPERATED
556,Y,30,556,0,,,,,,,H-CB01_OVER/UNDER VOLTAGE PROTECTION OPTD
558,Y,30,558,0,,,,,,,H-CB01_PROTECTION RELAY F81/27 FAULTY
559,Y,30,559,0,,,,,,,H-CB01_PROTECTION RELAY F51/51N FAULTY
560,Y,30,560,0,,,,,,,H-CB01_TRIP CIRCUIT-1 FAULTY
561,Y,30,561,0,,,,,,,H-CB01_TRIP CIRCUIT-2 FAULTY
562,Y,30,562,0,,,,,,,H-CB01_CB FAULTY
563,Y,30,563,0,,,,,,,H-CB01_CB SPRING CHARGED
564,Y,30,564,0,,,,,,,H-CB01_GIS EQUIPMENT UNHEALTHY
565,Y,30,565,0,,,,,,,H-CB01_CB SF6 GAS PRESSURE LOW
566,Y,30,566,0,,,,,,,H-CB01_CB SF6 GAS PRESSURE LOCKOUT
567,Y,30,567,0,,,,,,,H-CB01_INDICATION SUPPLY FAIL
568,Y,30,568,0,,,,,,,H-CB01_PROTECTION DC SUPPLY FAIL
569,Y,30,569,0,,,,,,,H-CB01_ CONTROL SUPPLY FAIL
570,Y,30,570,0,,,,,,,H-CB01_UNDER FREQUENCY STAGE-1 TRIP
571,Y,30,571,0,,,,,,,H-CB01_UNDER FREQUENCY STAGE-2 TRIP
572,Y,30,572,0,,,,,,,H-CB01_UNDER FREQUENCY STAGE-3 TRIP
573,Y,30,573,0,,,,,,,H-CB01_UNDER FREQUENCY STAGE-4 TRIP
574,Y,30,574,0,,,,,,,H-CB01_UNDER FREQUENCY STAGE-5 TRIP
575,Y,30,575,0,,,,,,,H-CB01_UNDER FREQUENCY STAGE-6 TRIP
576,Y,30,576,0,,,,,,,F27/59 RELAY FAULTY
577,Y,30,577,0,,,,,,,LVAC SUPPLY FAIL
578,Y,30,578,0,,,,,,,MAIN UF PROTECTION RELAY OPERATED
611,Y,30,611,0,,,,,,,H-CB02_TRIP RELAY OPERATED
612,Y,30,612,0,,,,,,,H-CB02_OC & EF PROTECTION OPERATED
616,Y,30,616,0,,,,,,,H-CB02_OVER/UNDER VOLTAGE PROTECTION OPTD
618,Y,30,618,0,,,,,,,H-CB02_PROTECTION RELAY F81/27 FAULTY
619,Y,30,619,0,,,,,,,H-CB02_PROTECTION RELAY F51/51N FAULTY
620,Y,30,620,0,,,,,,,H-CB02_TRIP CIRCUIT-1 FAULTY
621,Y,30,621,0,,,,,,,H-CB02_TRIP CIRCUIT-2 FAULTY
622,Y,30,622,0,,,,,,,H-CB02_CB FAULTY
623,Y,30,623,0,,,,,,,H-CB02_CB SPRING CHARGED
624,Y,30,624,0,,,,,,,H-CB02_GIS EQUIPMENT UNHEALTHY
625,Y,30,625,0,,,,,,,H-CB02_CB SF6 GAS PRESSURE LOW
626,Y,30,626,0,,,,,,,H-CB02_CB SF6 GAS PRESSURE LOCKOUT
627,Y,30,627,0,,,,,,,H-CB02_INDICATION SUPPLY FAIL
628,Y,30,628,0,,,,,,,H-CB02_PROTECTION DC SUPPLY FAIL
629,Y,30,629,0,,,,,,,H-CB02_ CONTROL SUPPLY FAIL
630,Y,30,630,0,,,,,,,H-CB02_UNDER FREQUENCY STAGE-1 TRIP
631,Y,30,631,0,,,,,,,H-CB02_UNDER FREQUENCY STAGE-2 TRIP
632,Y,30,632,0,,,,,,,H-CB02_UNDER FREQUENCY STAGE-3 TRIP
633,Y,30,633,0,,,,,,,H-CB02_UNDER FREQUENCY STAGE-4 TRIP
634,Y,30,634,0,,,,,,,H-CB02_UNDER FREQUENCY STAGE-5 TRIP
635,Y,30,635,0,,,,,,,H-CB02_UNDER FREQUENCY STAGE-6 TRIP
636,Y,30,636,0,,,,,,,F27/59 RELAY FAULTY
637,Y,30,637,0,,,,,,,LVAC SUPPLY FAIL
638,Y,30,638,0,,,,,,,MAIN UF PROTECTION RELAY OPERATED
1129,Y,30,1129,0,,,,,,,33_BBP_BB VT B1 FAIL
1130,Y,30,1130,0,,,,,,,33_BBP_BB VT B2 FAIL
1131,Y,30,1131,0,,,,,,,33_BBP_CONTROL SUPPLY
1132,Y,30,1132,0,,,,,,,33_BBP_INDICATION SUPPLY
1133,Y,30,1133,0,,,,,,,33_STN_PANEL LVAC SUPPLY FAIL
1134,Y,30,1134,0,,,,,,,33_BBP_BB VT A1 FAIL
1135,Y,30,1135,0,,,,,,,33_BBP_BB VT A2 FAIL
1146,Y,30,1146,0,,,,,,,BUSBAR-A SF6 GAS PRESSURE LOW
1147,Y,30,1147,0,,,,,,,BUSBAR-A SF6 GAS PRESSURE LOCKOUT
1148,Y,30,1148,0,,,,,,,BUSBAR-B SF6 GAS PRESSURE LOW
1149,Y,30,1149,0,,,,,,,BUSBAR-B SF6 GAS PRESSURE LOCKOUT
1161,Y,30,1161,0,,,,,,,33_STN_110V BATT-A GROUND FAULT
1162,Y,30,1162,0,,,,,,,33_STN_110V BATT-B GROUND FAULT
1163,Y,30,1163,0,,,,,,,33_STN_FIRE PROT OPTD
1164,Y,30,1164,0,,,,,,,33_STN_AIR COND SYS FAIL
1165,Y,30,1165,0,,,,,,,33_STN_FO SYS URG ALRM
1166,Y,30,1166,0,,,,,,,33_STN_FO SYS NON-URG ALRM
1167,Y,30,1167,0,,,,,,,33_STN_TELEPHONE EXCHG FAULT
1168,Y,30,1168,0,,,,,,,33_STN_TELECOM SUPL FAIL
1169,Y,30,1169,0,,,,,,,33_STN_48V BATT URG ALRM
1170,Y,30,1170,0,,,,,,,33_STN_GATEWAY-A FAIL
1173,Y,30,1173,0,,,,,,,33_STN_H-CB01 BCU FAULTY
1174,Y,30,1174,0,,,,,,,33_STN_H-LN01 BCU FAULTY
1175,Y,30,1175,0,,,,,,,33_STN_H-LN03 BCU FAULTY
1176,Y,30,1176,0,,,,,,,33_STN_H-LN05 BCU FAULTY
1177,Y,30,1177,0,,,,,,,33_STN_H-LN07 BCU FAULTY
1178,Y,30,1178,0,,,,,,,33_STN_H-LN09 BCU FAULTY
1179,Y,30,1179,0,,,,,,,33_STN_H-LN11 BCU FAULTY
1180,Y,30,1180,0,,,,,,,33_STN_H-LN13 BCU FAULTY
1181,Y,30,1181,0,,,,,,,33_STN_H-LN15 BCU FAULTY
1182,Y,30,1182,0,,,,,,,33_STN_H-LN17 BCU FAULTY
1183,Y,30,1183,0,,,,,,,33_STN_H-CB02 BCU FAULTY
1184,Y,30,1184,0,,,,,,,33_STN_H-LN02 BCU FAULTY
1185,Y,30,1185,0,,,,,,,33_STN_H-LN04 BCU FAULTY
1186,Y,30,1186,0,,,,,,,33_STN_H-LN06 BCU FAULTY
1187,Y,30,1187,0,,,,,,,33_STN_H-LN08 BCU FAULTY
1188,Y,30,1188,0,,,,,,,33_STN_H-LN10 BCU FAULTY
1189,Y,30,1189,0,,,,,,,33_STN_H-LN12 BCU FAULTY
1190,Y,30,1190,0,,,,,,,33_STN_H-LN14 BCU FAULTY
1191,Y,30,1191,0,,,,,,,33_STN_H-LN16 BCU FAULTY
1192,Y,30,1192,0,,,,,,,33_STN_H-LN18 BCU FAULTY
1193,Y,30,1193,0,,,,,,,33_STN_LVAC FAIL
1194,Y,30,1194,0,,,,,,,33_STN_110V DC SUPPLY FAIL
1195,Y,30,1195,0,,,,,,,33_STN_110V BATT-A CHRG FAIL
1196,Y,30,1196,0,,,,,,,33_STN_110V BATT-B CHRG FAIL
1201,Y,30,1201,0,,,,,,,33_BBP TRIP SUPPLY FAIL
1221,Y,30,1221,0,,,,,,,33_1TOA_TRIP RELAY-1
1222,Y,30,1222,0,,,,,,,33_1TOA_TRIP RELAY-2
1223,Y,30,1223,0,,,,,,,33_1TOA_OC/EF PROT OPTD
1224,Y,30,1224,0,,,,,,,33_1TOA_PROT RELAY FAULTY
1225,Y,30,1225,0,,,,,,,33_1TOA_BBP TRIP RELAY OPTD
1229,Y,30,1229,0,,,,,,,33_1TOA_EAT SBEF PROT OPTD
1231,Y,30,1231,0,,,,,,,33_2TOA_TRIP RELAY-1
1232,Y,30,1232,0,,,,,,,33_2TOA_TRIP RELAY-2
1233,Y,30,1233,0,,,,,,,33_2TOA_OC/EF PROT OPTD
1234,Y,30,1234,0,,,,,,,33_2TOA_PROT RELAY FAULTY
1235,Y,30,1235,0,,,,,,,33_2TOA_BBP TRIP RELAY OPTD
1241,Y,30,1241,0,,,,,,,33_1TOB_TRIP RELAY-1
1242,Y,30,1242,0,,,,,,,33_1TOB_TRIP RELAY-2
1243,Y,30,1243,0,,,,,,,33_1TOB_OC/EF PROT OPTD
1244,Y,30,1244,0,,,,,,,33_1TOB_PROT RELAY FAULTY
1245,Y,30,1245,0,,,,,,,33_1TOB_BBP TRIP RELAY OPTD
1251,Y,30,1251,0,,,,,,,33_2TOB_TRIP RELAY-1
1252,Y,30,1252,0,,,,,,,33_2TOB_TRIP RELAY-2
1253,Y,30,1253,0,,,,,,,33_2TOB_OC/EF PROT OPTD
1254,Y,30,1254,0,,,,,,,33_2TOB_PROT RELAY FAULTY
1255,Y,30,1255,0,,,,,,,33_2TOB_BBP TRIP RELAY OPTD
1259,Y,30,1259,0,,,,,,,33_2TOB_EAT SBEF PROT OPTD
1121,Y,30,1121,0,,,,,,,33_BBP1_MZ OPTD
1122,Y,30,1122,0,,,,,,,33_BBP1_CZ OPTD
1123,Y,30,1123,0,,,,,,,33_BBP2_MZ OPTD
1124,Y,30,1124,0,,,,,,,33_BBP2_CZ OPTD
1125,Y,30,1125,0,,,,,,,33_BBP1_MZ PROT. FAULTY
1126,Y,30,1126,0,,,,,,,33_BBP1_CZ PROT. FAULTY
1127,Y,30,1127,0,,,,,,,33_BBP2_MZ PROT. FAULTY
1128,Y,30,1128,0,,,,,,,33_BBP2_CZ PROT. FAULTY
1210,Y,30,1210,0,,,,,,,33_BBP1_MZ CT SUPVN
1211,Y,30,1211,0,,,,,,,33_BBP1_CZ CT SUPVN
1199,Y,30,1199,0,,,,,,,STN_GPG FAIL
